State_yyyy-yy,Domestic,Commercial,Industrial (Low & Med. Voltage),Industrial (High Voltage),Public Lighting,Traction,Agriculture,Public Water Works & Sewage Pumping,Miscellaneous,Total Energy Sold(GWH)
Mizoram-2012-13,197.59,21.1,1.81,1.47,5.36,0,0.08,37.23,21.96,286.6
D & N Haveli-2012-13,71.8,27.79,163.31,4323.54,5.04,0,3.55,0,2.05,4597.08
Daman & Diu-2012-13,77.31,38.5,160.22,1527.8,6.46,0,4.19,1.11,0,1815.59
Goa-2012-13,835,216,127.03,1765.99,15,0,21,101,0,3081.02
Maharashtra-2012-13,22594.63,12885.88,6489.92,35324.5,1258.55,2341.92,22059.05,1784.04,174.67,104913.16
Chhattisgarh-2012-13,3807.42,1136.63,477.56,17519.93,92.18,801.82,2518.08,208.74,0,26562.36
Madhay Pradesh-2012-13,7771.652826,2069.624127,1074.944394,11362.29217,333.5679262,1315.544753,9978.282268,1045.69551,1903.266027,36854.87
Gujarat-2012-13,10604.54,4273.63,8890.03,44112.19,289.7,729.91,14974.84,1132.16,39.94,85046.94
Delhi-2012-13,11116.35,6720.97,2797.5,178.14,375.49,436.82,34.22,498.8,986.56,23144.85
Chandigarh-2012-13,586.54,397.55,123.95,139.15,21.98,0,1.4,,96.13,1366.7
Uttarakhand-2012-13,1799.56,953.94,289.42,5553.28,69.83,7.83,387.84,302.68,167.55,9531.93
Uttar Pradesh-2012-13,19843.951,5121.658,3182.336,21962.4705,754.5335,753.4,9214.731,1449.8215,3701.331,65984.2325
Rajasthan-2012-13,8155.85,3046.82,2639.05,14374.53,308.83,404.11,18324.65,1479.73,614.83,49348.4
Jammu & Kashmir-2012-13,2469.39,321.97,958.49,,37.67,0,296.74,481.46,600.77,5166.49
Himachal Pradesh-2012-13,1616.58,410.98,61.48,4563.12,13.91,0,74.95,425.58,304.43,7471.03
Haryana-2012-13,5554.81,2601.18,1395.42,7337.95,89.29,596.12,8279.71,743.99,476.68,27075.15
Andhra Pradesh-2012-13,16049.63068,5979.030579,3916.916536,23520.65698,1476.362838,1772.18,19935.79126,1135.175304,1060.095826,74845.84
Karnataka-2012-13,9191.7,5917.12,1811.42,20250.08,800.63,91.31,17173.77,2166.45,502.29,57904.77
Punjab-2012-13,9284.9,2712.36,2351.53,10560.44,145.81,134.83,10779.03,405.03,617.93,36991.86
Arunachal Pradesh-2012-13,137.6518876,42.15774874,33.97197054,156.6000812,10.94079798,0,0,7.967755051,81.63975884,470.93
Tripura-2012-13,403.59,77.17,16.57,37.06,11.32,0,41.96,46.87,86.85,721.39
Nagaland-2012-13,220.498654,34.64978849,13.64991668,0,5.249967953,0,0.041999744,3.149980772,50.39969235,327.64
Meghalaya-2012-13,403.6336127,88.46170642,8.020684169,738.5368078,1.287993078,0,0.480070147,44.47088829,111.4582374,1396.35
Manipur-2012-13,203.74,30.81,19.6,14.13,4.85,0,1.58,23.3,81,379.01
Assam-2012-13,1619,642,74,2413.85,12,0,35,63,465,5323.85
Sikkim-2012-13,140.5794191,64.89585636,147.3471783,0,5.08854075,0,0,0,27.52900546,385.44
A & N Islands-2012-13,100.2,53.14,19.33,0,8.64,0,0.84,0,24.2,206.35
Tamil Nadu-2012-13,17834,6418,5493.13,22859.57,822.68,736,11248,1618.32,1649,68678.7
Puducherry-2012-13,589.81,192.99,197.55,1511.71,15.84,0,56.75,39.86,12.11,2616.62
Lakshadweep-2012-13,27.13,9.29,0.4,0,1.08,0,0,0,0,37.9
Kerala-2012-13,8382.684561,3028.444504,1107.510775,4030.999473,316.0095173,173.7810155,192.6401549,55.14,125.45,17412.66
Bihar-2012-13,2858.03,730.43,251.12,1744.99,56.35,448.64,336.53,53.3,581.44,7060.83
Jharkhand $-2012-13,3780,452.2422,181.84,16323.141,252,1076.5152,84,150.5,437.5,22737.7384
Orissa-2012-13,4299.83,1171.63,309.57,28469.39,64.88,930.33,156.63,112.01,582.9,36097.17
Chhattisgarh-2013-14,4097.07,1237.32,517.23,18225.99,102.23,837.34,2492.2,224.87,18.94,27753.19
Gujarat-2013-14,11286.24,3179.96,10453.68,46295.18,303.61,737.15,14729.72,1660.96,60.78,88707.28
Madhay Pradesh-2013-14,9137.253955,1983.243001,994.0684945,11341.71,543.1883709,1776.95,11858.49113,1554.684078,1693.260969,40882.85
Maharashtra-2013-14,24038.57472,12671.00846,8660.691831,31318.32898,1445.042511,2425.474868,22257.93704,2237.216708,1014.414877,106068.69
Daman & Diu-2013-14,86.86721571,48.20800492,174.8790493,1487.147387,7.280182134,0,3.145121177,1.237424725,10.43561518,1819.2
D. & N. Haveli-2013-14,63.86,34.91,176.78,4904.64,5.48,0,3.82,0,2.35,5191.84
Goa-2013-14,808,291,132.98,1698.86,24,0,21,145,36,3156.84
Uttarakhand-2013-14,2639.93,993.87,287.66,5747.46,34.06,11.49,343.99,191.08,289.89,10539.43
Rajasthan-2013-14,9446.410886,3352.211763,2840.244823,14974.57698,372.2060008,403.58,17262.83503,1670.937883,662.2666327,50985.27
Punjab-2013-14,10344.14,2969.3,3209,10213.69,158.78,140.42,10223.57,427.19,1353.16,39039.25
Jammu & Kashmir-2013-14,2429.74,644.92,392.69,780.41,39.08,0,280.73,512.98,677.22,4977.36
Himachal Pradesh-2013-14,1774.73,568.51,204.68,4427.46,12.45,0,47.64,472.63,272.27,7780.37
Haryana-2013-14,6278.14,2874.87,1532.27,8499.35,97.57,585.51,8535.22,783.34,774,29960.27
Delhi-2013-14,11707.48,6875.78,2874.23,173.99,400.02,723.9,29.23,552.58,644.69,23981.9
Chandigarh-2013-14,608.24,446.18,124.9,125.59,21.2,0,1.46,,93.35,1420.92
Andhra Pradesh-2013-14,16835.7751,6550.205668,3070.877163,25845.3,1137.448959,1881.02,21857.35077,1236.044119,919.2282206,79333.25
Karnataka-2013-14,9697.54,5942.44,1815.53,21621.42,819.71,108.93,18077.62,2403.51,608.8,61095.5
Kerala-2013-14,8827.536396,2954.829152,1100.01,4228.161581,324.0128707,204.26,317.81,200.0019613,455.0280387,18611.65
Uttar Pradesh-2013-14,21673.471,4002.778,2672.136,23298.5905,782.4835,811.84,10210.931,1602.7115,4485.561,69540.5025
Tripura-2013-14,390.4,64.65,34.14,68.97,34.75,0,29.56,67.51,32.3,722.28
Nagaland-2013-14,248,48,24,0,6,0,0.05,3.45,65,394.5
Mizoram-2013-14,200.15,23.57,2.09,4.99,7.48,0,0.06,40.21,24.24,302.79
Meghalaya-2013-14,438.7568551,108.5381259,7.022552309,817.2848968,1.599920613,0,0.195410151,45.79925419,173.682985,1592.88
Manipur-2013-14,213.9267312,32.35045935,20.57997414,14.83648136,5.092493602,0,1.658997916,24.46496926,85.04989314,397.96
Assam-2013-14,1941,746,81,2563.24,13,0,36,72,534,5986.24
Arunachal Pradesh-2013-14,140.4352067,43.0130644,34.65734814,159.7686405,11.16135969,0,0.061214039,8.131264783,83.29190174,480.52
A. & N. Islands-2013-14,107.39,55.29,11.98,0,9.27,0,0.88,0,30.96,215.77
Tamil Nadu-2013-14,20201,7757,6583.525847,27621.43415,1020.51,766,12295,2007.49,1806,80057.96
Puducherry-2013-14,607.39,185.17,160.43,1356.51,17.16,0,57,55.71,195.66,2635.03
Lakshadweep-2013-14,29.37055145,10.05722164,0.433034301,0,1.169192612,0,0,0,0,41.03
Bihar-2013-14,3281.01,819.19,281.01,1914.74,45.7,523.95,321.79,58.52,1095.03,8340.94
Jharkhand $-2013-14,4158,494.4452,200.024,16807.537,277.2,1169.06352,92.4,165.55,481.25,23845.46972
Orissa-2013-14,4693.21,1201.35,320.23,30078.37,71.47,1009.9,171.82,114.05,622.76,38283.16
Sikkim-2013-14,147.6076606,68.14031244,154.7137727,0,5.342941384,0,0,0,28.90531289,404.71
Chhattisgarh-2014-15,4634.81,1334.57,524.34,23963.12,104.48,866.13,3112.28,238.56,38.71,34817
Gujarat-2014-15,12457.15,3412.44,11111.74,50922.25,313.65,767.14,15942.82,1706.02,209.14,96842.35
Madhay Pradesh-2014-15,10152.06715,2179.955911,1056.318043,11877.62,390.6808577,1897.66,15068.89918,1298.993758,2227.305099,46149.5
Maharashtra-2014-15,25207.3,12948.41,8988.97,31978.25,1582.76,2442.19,26632.69,2349.76,1509.16,113639.49
Daman & Diu-2014-15,83.13,41.57,153.9,1288.66,8.79,0,2.3,7.18,10.23,1595.76
D & N Haveli-2014-15,93.13,27.05,187.51,4842.92,7.76,0,4.31,3.23,0,5165.91
Goa-2014-15,736,264,189.98,1793.13,39,0,30,143,27,3222.11
Uttarakhand-2014-15,2323,1078,312,6330.04,45.52,11.49,108.1,314,430,10952.15
Uttar Pradesh-2014-15,24955.85,4329.97,2751.2,23624.27,816.39,888.77,11755.28,1687.06,4089.66,74898.45
Rajasthan-2014-15,9786.33,3610.08,3020.24,19533.16,383.08,145.9,19088.87,1648.51,648.15,57864.32
Punjab-2014-15,11137.84,3146.34,3304.97,12126.1,174.87,149.91,10223.57,443.77,684.78,41392.15
Jammu & Kashmir-2014-15,2690.534357,714.1420141,434.8390924,863.8987238,43.27462307,0,310.8619482,568.0403312,749.9089108,5511.601276
Himachal Pradesh-2014-15,1891.36,473.21,71.06,4702.76,13.34,0,547.72,0,290.14,7989.59
Haryana-2014-15,6671.2,3282.84,1712.88,9551.4,96.77,623.23,9654.38,827.82,673.01,33093.53
Delhi-2014-15,12366.3,6831.69,2689.508008,167.0219924,441.72,698.89,13.04,566.35,1001.83,24776.35
Chandigarh-2014-15,655.38,460.21,124.08,118.88,21.66,0,1.67,,91.46,1473.34
Andhra Pradesh-2014-15,9949.945207,2672.994979,2146.229513,16886.5,522.0963995,1549.05,10899.59727,324.84434,427.3822882,45378.64
Telangana-2014-15,8620.5361,4326.376385,1172.833935,26418.63142,533.29,609.06,12569.13533,494.5912253,758.3959781,39638.88
Karnataka-2014-15,10581.44918,6217.648657,1787.405292,26418.63142,876.1375373,246.66,17988.6444,2476.818284,991.7152239,67585.11
Tripura-2014-15,430.88,71.36,23.89,17.02,38.36,0,32.62,74.5,97.5,786.13
Nagaland-2014-15,307.79,68.43,53.78,0,11.26,0,0,5.22,82.86,529.34
Mizoram-2014-15,214.5,34.02,1.87,6.78,7.2,0,0.04,46.68,16.13,327.22
Meghalaya-2014-15,385.01,84.97,5.26,554.25,1.27,0,0.1,40.94,314.3489,1386.1489
Manipur-2014-15,231.76,38.67,17.43,14.85,6.31,0,6.06,33.43,116.59,465.1
Assam-2014-15,2553,760,82,2623.8,14,0,39,75,556,6702.8
Arunachal Pradesh-2014-15,158.5931177,48.57454298,39.13845411,180.4263148,12.60449479,0,0.069128856,9.182616404,94.06133039,542.65
A & N Islands-2014-15,115.54,58.7,13.39,0,9.05,0,0,0.86,31.92,229.46
Sikkim-2014-15,147.6076606,68.14031244,154.7137727,0,5.342941384,0,0,0,28.90531289,404.71
Kerala-2014-15,9467.382031,3121.824007,1100.32,4590.800653,353.7433086,205.31,298.28,200.0019613,324.95,19662.61196
Tamil Nadu-2014-15,21990,8394,7333.697084,30732.17292,1136.78,824,12406,2236.22,1862,86914.87
Puducherry-2014-15,635.58,180.1,141.2,1366.38,26,0,67,56.34,81.65,2554.25
Lakshadweep-2014-15,31.94754354,10.93964908,0.471029024,0,1.271778364,0,0,0,0,44.63
Bihar-2014-15,4033.87,973.53,306.17,1888.4,21.72,545.5,313.22,65.35,1999.61,10147.37
Jharkhand $-2014-15,3502.1,432.7556,167.37,16582.9606,192.71,1116.2644,89.03,67.78,0,22150.9706
Orissa-2014-15,5548.86,1319.5,334.04,30244.63,80.87,1031.48,215.8,124.54,689.62,39589.34
Jharkhand $-2017-18,5435.385375,700.3375103,271.2372476,16741.12824,133.7436756,1219.33,202.4425707,0,85.2,24788.80462
Bihar-2017-18,9084.681066,1742.031873,510.25,2602.519721,57.55313357,700.02,479.8438966,107.3943343,3768.97097,19053.26499
Lakshadweep-2017-18,35.898305,11.436854,0.426305,0,0.648178,0,0,0,0.092675,48.502317
Puducherry-2017-18,713.28,206.343,177.22,1441.574757,27.52,0,57.28,0,35.69,2658.907757
Tamil Nadu-2017-18,25815.333,9915.985,8984.8325,32482.40161,1123.734,858.61,11257.43,1123.734,2953.109,94515.16911
Kerala-2017-18,10636.43745,4570.861283,1223.681396,3988.365223,377.35745,265.16,372.269168,0.15817,729.148748,22163.43889
Karnataka-2017-18,12503.77712,6389.364611,1852.424392,24021.50994,1023.612945,181.222888,21377.16121,3251.700067,874.175179,71474.94836
Telangana-2017-18,10710.39563,5340.121934,1199.129378,13149.37436,457.5388513,467.1,19984.61444,545.8642283,1985.090413,53839.22924
Odisha-2017-18,6825.26077,1675.371633,372.764996,34366.12362,99.662249,1162.317,429.3417,125.560871,862.103376,45918.50622
West Bengal $-2017-18,14924.14,6080.433729,2176.63522,20213.79913,592.38,1401.55,1250.42,892.06,2737.626791,50269.04487
Sikkim-2017-18,98.720323,38.383267,2,176.867277,0.134808,0,0,0,27.566195,343.67187
Tripura-2017-18,508.64646,84.240217,21.672929,26.620658,45.27728,0,38.506632,87.94835,115.098745,928.011271
Nagaland-2017-18,378.21,88.12,65.56,0,14.84,0,0,9.36,107.63,663.72
Mizoram-2017-18,235.136667,48.119438,2.187381,11.151565,2.208549,0,0,41.57504,55.388341,395.766981
Meghalaya-2017-18,455.1734915,95.36560754,5.3150328,602.0190255,0.43320946,0,0.120825,36.04979214,90.733332,1285.210316
Manipur-2017-18,354.74,47.33,19.26,9.04,3.67,0,2.12,21.07,106.77,564
Assam-2017-18,3804.23,1035.36,96.19,2420.846139,12.72,0,34.72,70.96,633.76,8108.786139
Arunachal Pradesh-2017-18,171.5404134,53.552346,4.7487841,126.341764,11.93948808,2.12,0.04116086,0,66.6947866,436.978743
A & N Islands-2017-18,141.665644,58.735606,17.62488,0,7.797471,0,1.17914,0,38.675313,265.678054
Andhra Pradesh-2017-18,13372.73725,3384.798032,4729.972464,18075.19571,500.541429,1923.572748,12589.19857,472.265447,1026.895443,56075.1771
Goa-2017-18,938.73,386.03,167.07,2063.203708,37.3,0,29.94,0,48.97,3671.243708
D & N Haveli-2017-18,112.64,32.72,208.24,5323.748367,7.97,0,6.5,5.45,3.39,5700.658367
Chandigarh-2017-18,731.24,483.7,131.93,124.079728,17.82,0,1.43,,84.96,1575.159728
Delhi-2017-18,14911.54199,8118.356772,3188.283854,45.71734891,433.8581451,687.484987,33.17444045,389.8679619,681.646864,28489.93236
Haryana-2017-18,8743.693794,4266.358675,1914.500204,13951.36489,226.920134,225.64,10067.34494,914.5567825,1196.449252,41506.82868
Himachal Pradesh-2017-18,1989.9,567.086,200.783,4751.608038,11.29,0,62.182,605.093,353.265,8541.207038
Jammu & Kashmir-2017-18,3442.8,1081.1,528.2,1177.599885,53.2,14.67,314.45,624.15,1162.8,8398.969885
Punjab-2017-18,13641.73,3889.01,3391.75,14830.8479,193.75,240.42,12294.64939,494.24,703.05,49679.44729
Rajasthan-2017-18,11998.33421,4576.579774,3054.069,17421.83076,347.651,388.36,22833.451,1896.533,675.797,63192.60575
Uttar Pradesh-2017-18,38292.30962,6237.60068,4318.1781,24755.97651,1039.59754,1723.35,17742.15438,2070.351146,4522.67279,100702.1908
Daman & Diu-2017-18,120.75,55.93,195.03,1980.11,9.47,0,4.73,3.49,9.78,2379.29
Maharashtra-2017-18,27946.84225,13742.33989,9555.59823,36921.12699,1900.990605,2500.384802,30306.89819,2770.100056,6579.278757,132223.5598
Madhya Pradesh-2017-18,12054.25781,2920.528821,1250.110573,13289.65603,416.2005434,1821.72,18473.17546,1515.75269,5143.975932,56885.37786
Gujarat-2017-18,14648.25284,3109.286218,16406.83835,63956.626,321.842345,695.01,13731.76325,2090.944201,2596.495852,117557.059
Chhattisgarh-2017-18,5025.078843,1489.455387,526.15625,23298.22328,100.609373,925.42902,4831.246324,338.102989,45.349989,36579.65145
Uttarakhand-2017-18,2741.53102,1232.479631,302.216388,7194.614681,57.313921,29.2,437.075577,367.225345,185.202,12546.85856
Gujarat-2018-19,15537.74698,4157.854,16224.39659,54922.67808,312.097905,743.05,14598.3477,2207.788654,1457.341525,110161.3014
Madhya Pradesh-2018-19,13385.40394,3141.30036,1281.208346,22072.51444,419.2392377,1951.48,20283.79745,1572.675396,5126.54921,69234.16838
Maharashtra-2018-19,28650.32074,15274.24317,9895.772406,39729.45453,1991.571641,3070.354572,34616.34,2851.107892,3408.757603,139487.9226
Daman & Diu-2018-19,132.580103,51.301433,197.461326,2022.776751,8.240854,0,4.831192,3.672964,11.070133,2431.934756
D & N Haveli-2018-19,122.16,34.2,216.07,5674.857,5.8,0,7.23,6.24,3.43,6069.987
Goa-2018-19,1152.05,541.73,131.3796,2193.620295,2.66,0,26.37,0,55.85,4103.659895
Andhra Pradesh-2018-19,14201.57077,4724.614733,5332.670577,21097.82908,553.727858,1534.807538,12838.5923,579.519623,2478.35559,63341.68807
Chhattisgarh-2018-19,5214.973106,1482.138643,539.858344,31035.82925,94.49,983.480953,5038.43,360.247728,0,44749.44802
Uttarakhand-2018-19,2823.776951,1269.45402,311.2828796,6985.374606,59.03333863,26.81,450.1878443,378.2421054,190.75806,12494.9198
Uttar Pradesh-2018-19,39524.48776,6501.04665,4293.007974,25043.00122,938.790583,2231,17362.02579,1741.768121,4100.111861,101735.24
Rajasthan-2018-19,12506.4295,4863.1205,3149.573495,20580.10142,353.583495,406.95,23300.35251,1952.336495,692.898,67805.34541
Punjab-2018-19,14163.8,3675.12,2909.5,16321.81326,157.83,228.48,11268.38,823.9,2815.27,52364.09326
Jammu & Kashmir-2018-19,4013.45,1263.4,601.4130115,1259.772286,59.32,23.17,349,701,1366,9636.525297
Himachal Pradesh-2018-19,2080.474,614.562,207.583,5250.506466,10.365,0,62.983,565.729,372.095,9164.297466
Haryana-2018-19,9623.261115,4547.935701,1831.470223,15431.04691,232.056703,409.827,9714.294559,1024.628161,1262.7917,44077.31207
Delhi-2018-19,15430.53724,7702.830999,3051.588088,392.459095,366.454104,499.593474,33.426295,386.3316745,1307.765655,29170.98662
Chandigarh-2018-19,704.67,472.98,125.15,135.456138,15.09,0,1.36,,80.93,1535.636138
Telangana-2018-19,11422.32262,5749.997041,1243.475346,15896.32611,365.4866015,725.969036,24077.04233,604.0002464,1555.455038,61640.07437
Karnataka-2018-19,12954.1923,6553.682637,2495.091179,24613.79113,1092.407835,99.903314,22788.19086,3903.289104,799.938606,75300.48697
Tripura-2018-19,524.75,86.15,28.97,27.198675,41.98,0,40.67364925,88.166,117.8,955.6883242
Nagaland-2018-19,380.43,97.56,67.07,0,14.87,0,0,10.3772,108.829,679.1362
Mizoram-2018-19,244.615902,61.038302,2.385504,11.967055,2.674921,0,0,68.575303,16.500923,407.75791
Meghalaya-2018-19,442.664,93.3,9.435,568.833395,0.2,0,0.127,40.811,94.596,1249.966395
Manipur-2018-19,376.78,66.14,20.86,9.04,9.89,0,2.12,21.18,106.77,612.78
Assam-2018-19,3677.500709,1096.949178,112.2254292,2919.085628,15.97386981,0,46.71478866,86.16288911,702.9839281,8657.59642
Arunachal Pradesh-2018-19,185.719187,51.018432,4.378461086,116.501214,10.119287,0,0.030427,0,78.776335,446.543343
A & N Islands-2018-19,133.864789,60.290483,20.986866,0,6.71658,0,1.023458,0,31.793074,254.67525
Sikkim-2018-19,107.46,40.91,4.89,197.67,0.25,0,0,0,29.63,380.81
West Bengal $-2018-19,15478.09852,6280.371203,2279.449984,18887.25477,692.959853,1467.939967,1515.551,955.5695929,2642.163929,50199.35882
Kerala-2018-19,10927.00532,2455.893823,1186.047008,4206.054305,381.21378,321.071991,348.667269,0.16,2456.76939,22282.88289
Tamil Nadu-2018-19,26996.338,10281.762,8600.256,33001.13537,1140.8885,903.4,13077.16,1140.8885,3115.194,98257.02237
Puducherry-2018-19,723.629,212.845,159.59,1613.296244,27.58,0,59.97,0,19.294,2816.204244
Lakshadweep-2018-19,35.965037,11.780381,0.384575,0,0.667293,0,0,0,0.108437,48.905723
Bihar-2018-19,11505.49,2067.82,553.88,2923.798,62.15,1248.97,726.71,104.77,2004.21,21197.798
Jharkhand $-2018-19,5683.378059,808.8274534,273.4581488,18482.87376,110.326327,757.83,210.359083,0,487.7454,26814.79823
Odisha-2018-19,7175.216405,1833.477,384.3007,57825.85454,119.353219,1203.341203,558.8918,154.536382,949.710017,70204.68127
Chhattisgarh-2019-20,5605.741252,1563.45766,557.613914,33018.31053,88.833417,987.518347,5082.346785,374.404455,0,47278.22636
Gujarat-2019-20,16100.60154,5004.491719,16615.51533,61410.42978,273.7571591,701.69,11989.83426,2041.002322,213.498456,114350.8206
Madhya Pradesh-2019-20,14959.68888,3254.319395,1342.353084,26138.6321,403.7119658,2213.61,23016.93711,1640.8323,1653.861947,74623.94678
Maharashtra-2019-20,29807.88916,15739.56325,9962.110911,39188.40768,1971.599266,2659.731532,29291.23029,2871.738253,1758.570386,133250.8407
Daman & Diu-2019-20,146.33292,49.752624,204.612065,2067.517578,6.310647,0,4.344895,2.79654,14.488602,2496.155871
D & N Haveli-2019-20,154.02,36.6,219.44,5883.379,3.06,0,5.25,5.01,3.75,6310.509
Goa-2019-20,1208.13,616.64,132.4098,2379.040857,2.9,0,27.29,0,53.28,4419.690657
Uttarakhand-2019-20,3113.847,1396.932,311.937,6969.418941,46.448,29.083,191.351,453.033,373.485,12885.53494
Uttar Pradesh-2019-20,42249.049,6697.846,4371.558,22651.61543,873.254,1683.94,18200.05,1747.561,7779.54,106254.4134
Rajasthan-2019-20,12660.81663,4813.257445,3011.192,21479.27805,304.75568,381.88,25664.74507,2370.566452,1436.722852,72123.21417
Punjab-2019-20,13612.8012,3795.500376,4136.012627,16734.16111,139.941449,258.22,11581.56,0,1489.811132,51748.00789
Jammu & Kashmir-2019-20,4445.6,1401.45,650.3308975,1404.45815,62.85,22.82,368,748,1525,10628.50905
Himachal Pradesh-2019-20,2193.693,623,89.574,5360.024717,10.745,0,56.728,560.467,356.487,9250.718717
Haryana-2019-20,11077.80918,4875.916009,1800.715947,15529.13503,223.0582806,385.29,10371.15792,1117.89522,1366.382274,46747.35986
Delhi-2019-20,16461.49218,7653.320453,3008.698273,384.7820867,353.9257527,221,37.3579865,389.2021713,1303.181011,29812.95992
Chandigarh-2019-20,757.263,474.477,122.8,139.426,14.794,0,1.015,9.593,86.128,1605.496
Jharkhand $-2019-20,5981.501589,994.9937006,282.9071282,19773.07035,127.869014,1003.419933,193.905269,0,432.288954,28789.95594
Andhra Pradesh-2019-20,15840.34957,4929.562225,2832.176297,20897.35889,296.7125315,1595.227368,15338.11843,955.318432,2869.04214,65553.86588
Telangana-2019-20,12382.38148,6187.45049,1193.445875,15289.50793,340.8861818,785.660563,20820.53505,867.8815807,4275.704086,62143.45324
Karnataka-2019-20,13853.00605,6861.974053,1921.701335,22347.46628,1128.068408,138.610131,21823.06744,3932.422344,1132.918613,73139.23466
Tripura-2019-20,531.074946,71.828906,17.23229706,22.88488558,48.08975697,0,34.37881021,66.48174592,122.2483038,914.2196515
Nagaland-2019-20,388.0386,99.5112,68.4114,0,15.1674,0,0,10.584744,111.00558,692.718924
Mizoram-2019-20,288.912712,48.281923,1.658115,9.25587,2.114516,0,0.141906,64.290471,71.742065,486.397578
Meghalaya-2019-20,465.1873567,99.19360612,5.84142014,626.6631098,0.11894,0,0.314628,41.85912368,102.5653788,1341.743563
Manipur-2019-20,388.0834,68.1242,21.4858,9.3112,10.1867,0,2.1836,21.8154,109.9731,631.1634
Arunachal Pradesh-2019-20,167.3763789,51.52861632,4.422245697,117.6662261,10.22047987,0,0.03073127,0,67.44409835,418.6887765
A & N Islands-2019-20,143.164398,70.449381,12.815691,0,6.731452,0,1.116108,0,34.227655,268.504685
Sikkim-2019-20,107.94,42.05,1.85,226.64,0.34,0,0,0,32.53,411.35
West Bengal $-2019-20,17028.10195,6671.224311,2316.321819,20603.08604,770.228422,1868.618569,1398.75,1007.230622,2719.530392,54383.09213
Kerala-2019-20,11966.64773,5166.96324,1165.420084,4534.543062,369.3823906,323.667361,360.473509,0.26408,664.652347,24552.0138
Tamil Nadu-2019-20,29140.33648,10942.37175,9622.861521,33920.69696,1151.866821,971.71,13828.26,1151.866821,2854.364678,103584.335
Puducherry-2019-20,810.59,219.86,183.69,1589.199834,23.41,0,55.32,0,24.31,2906.379834
Lakshadweep-2019-20,35.58822,11.531695,0.356027,0,0.805679,0,0,0,0.142593,48.424214
Bihar-2019-20,13497.49954,2126.527307,654.093728,3158.465676,106.212247,1442.74,932.9438901,130.989231,1127.52847,23177.00009
Assam-2019-20,3652,1078,113.7995237,2798.993268,14,0,37,77,586,8356.792792
Odisha-2019-20,7522.808173,2309.183618,376.670913,58822.84183,229.456981,1473.55,579.154055,327.031357,859.385868,72500.0828
Gujarat-2020-21,16510.22255,4314.362225,14606.24149,62086.19664,152.0521422,433.2099,12663.81701,2108.357029,362.34458,113236.8036
Madhya Pradesh-2020-21,16790.80527,3370.135075,1291.372651,18827.8997,470.4380779,1806.89,25645.52374,1378.989189,952.3452563,70534.39897
Maharashtra-2020-21,30193.00687,9546.776546,9880.650578,42391.54196,1863.287275,1996.29224,33912.33,3047.288056,1832.086416,134663.2599
Daman & Diu-2020-21,138.236744,39.868,184.481438,1750.336752,5.523333,0,3.398798,2.457702,12.873395,2137.176162
D & N Haveli-2020-21,149.2812737,32.651062,193.094585,4921.258125,2.445288116,0,4.85285,5.152856,0,5308.73604
Goa-2020-21,1265.681089,424.679619,106.122199,2472.211894,26.288953,0,31.250416,0,36.184119,4362.418289
Andhra Pradesh-2020-21,17477.78682,3051.168343,2280.092247,21925.6459,214.6586716,1399.210588,9368.731891,630.921808,3066.164739,59414.381
Chhattisgarh-2020-21,6447.31905,1419.512045,609.665427,32421.99512,98.47,908.452044,5902.811392,460.717636,0,48268.94272
Uttarakhand-2020-21,3207.307103,1337.352,261.223,6310.326024,53.26605,25.1,189.988,498.453281,210,12093.01546
Uttar Pradesh-2020-21,43955.074,6285.629,3985.687,22303.80632,732.822,1424.2,18931.272,1637.922,6395.683,105652.0953
Rajasthan-2020-21,14257.92768,4092.87421,2113.692135,20893.08549,339.07406,231.5,28525.47865,2584.75563,1205.702081,74244.08994
Punjab-2020-21,15324,3465,3130,15206.80072,210,122.8,13092.85,0,2354.1,52905.55072
Jammu & Kashmir-2020-21,4887.709,1707.244918,238.226275,926.640011,127.03,9.4,361.568,779.5929,948.171308,9985.582412
Himachal Pradesh-2020-21,2356.535,518.424,85.027,4824.032678,10.479,0,72.639,602.924,301.857,8771.917678
Haryana-2020-21,11970.23644,4005.993197,2045.884405,14142.99179,168.008906,286,10087.49502,1148.407362,1473.621738,45328.63886
Delhi-2020-21,16439.51825,5314.069827,2341.121574,478.7554178,328.0869402,77.5,39.44388167,644.3654482,657.0023369,26319.86368
Assam-2020-21,3784.977302,1099.732755,120.1196239,2910.349145,18.65116683,0,39,80.37868808,642.6998984,8695.90858
Telangana-2020-21,12806.96633,4843.069126,1228.277696,14256.60167,342.2233636,567.4773208,22260.114,980.7176039,3619.889812,60905.33692
Karnataka-2020-21,15668.5549,6759.469442,1913.201404,21193.53486,1036.900475,90.221565,22337.19052,3814.184492,1421.450327,74234.70798
Tripura-2020-21,588.2209965,71.99943752,17.39300423,26.05158315,46.06609621,0,37.99524594,75.94848817,118.6561093,982.330961
Nagaland-2020-21,390.03,85.15,63.35,0,20.94,0,0,10.41,112.69,682.57
Mizoram-2020-21,276.241422,52.715092,4.058459,5.540467,2.113575,0,0.163135,82.450034,30.255228,453.537412
Meghalaya-2020-21,500.0083384,81.58009904,4.553104995,666.3629751,0.55,0,0.142179,38.93772538,84.04234387,1376.176766
Manipur-2020-21,429.03,75.82,18.9,11.72,5.13,0,7.08,21.07,82.55,651.3
Arunachal Pradesh-2020-21,188.8615476,53.714572,1.313037,126.1976884,10.3222,0,0.772494,9.319374,14.60860034,405.1095134
A & N Islands-2020-21,148.06013,49.21062,9.164736,0,6.488527,0,1.112689,0,31.089853,245.126555
Sikkim-2020-21,115.38,30,2.2,242.58,0.3,0,0,0,24.31,414.77
West Bengal $-2020-21,17536.05835,5455.581978,2142.086929,19332.72825,706.335692,1344.230678,1332.23,1033.234,3256.612981,52139.09886
Odisha-2020-21,8420.207874,2157.672313,405.457868,59113.99773,240.370377,1330.3,644.6584073,329.468631,1056.103018,73698.23622
Jharkhand $-2020-21,6475.167434,1033.019136,309.914355,18130.04799,87.35860414,825.93692,203.6005325,0,608.17,27673.21497
Bihar-2020-21,15045.49165,2396.139653,807.9646026,3268.418907,83.9374717,1056.1,1149.295635,216.2187695,590.6369909,24614.20368
Lakshadweep-2020-21,40.347579,11.471602,0.371144,0,0.817116,0,0,0,0.094223,53.101664
Puducherry-2020-21,842.43,189.33,164.94,1432.411259,23.23,0,68.57,0,14.5,2735.411259
Tamil Nadu-2020-21,32721.9,8976.934391,9332.125717,31073.29204,1291.89,564.5,13974.67613,1291.89,2926.064575,102153.2729
Kerala-2020-21,12765.35023,4267.623165,1144.987362,3841.133328,379.7466993,168.694773,412.0184,0.251,534.2925452,23514.09751
Chandigarh-2020-21,695.0048,334.309,120.3378,98.39386296,12.14,0,1.366,53.785,38.266,1353.602463
